timestamp,host,user,mechanism,name,command
2026-08-28 09:12:10,WS01,david,Scheduled Task,WindowsUpdateCheck,C:\Windows\System32\svchost.exe -k netsvcs
2026-08-28 09:30:22,WS02,alice,Registry Run Key,OneDrive,"""C:\Program Files\Microsoft OneDrive\OneDrive.exe"""
2026-08-28 10:04:33,WS03,bob,Service,Windows Defender Service,C:\Program Files\Windows Defender\MsMpEng.exe
2026-08-28 10:21:41,WS04,charlie,Scheduled Task,BackupTask,C:\Program Files\Backup\backup.exe
2026-08-28 11:15:03,WS05,admin,Service,Print Spooler,C:\Windows\System32\spoolsv.exe
2026-08-28 02:14:51,WS07,alice,Scheduled Task,WindowsSecurityUpdate,powershell.exe -ExecutionPolicy Bypass -File C:\Users\Public\update.ps1
2026-08-28 02:16:02,WS07,alice,Registry Run Key,WindowsUpdate,powershell.exe -w hidden -enc SQBFAFgA...
2026-08-28 02:17:29,WS07,alice,Service,WindowsTelemetry,C:\Users\Public\svchost.exe
2026-08-28 02:19:44,WS07,alice,Scheduled Task,ChromeUpdate,C:\Users\Public\chrome_update.exe
